{"cameraMode":{"drawMode":0,"name":"Shaded","section":"Shading Mode"},"sceneLighting":false,"audioPlay":false,"sceneViewState":{"showFog":true,"showMaterialUpdate":false,"showSkybox":false,"showFlares":true,"showImageEffects":true,"showParticleSystems":true},"in2DMode":false,"pivot":{"x":0.6702256202697754,"y":1.1449999809265137,"z":1.1600003242492676},"rotation":{"x":-0.046296585351228717,"y":0.9441181421279907,"z":-0.2892693877220154,"w":-0.15110088884830476},"size":3.7654221057891847,"orthographic":false}