{"cameraMode":{"drawMode":0,"name":"Shaded","section":"Shading Mode"},"sceneLighting":false,"audioPlay":false,"sceneViewState":{"showFog":true,"showMaterialUpdate":false,"showSkybox":false,"showFlares":true,"showImageEffects":true,"showParticleSystems":true},"in2DMode":false,"pivot":{"x":-2.507004737854004,"y":0.1951444149017334,"z":1.6705079078674317},"rotation":{"x":-0.046296585351228717,"y":0.9441181421279907,"z":-0.2892693877220154,"w":-0.15110088884830476},"size":1.1491085290908814,"orthographic":false}