{"cameraMode":{"drawMode":0,"name":"Shaded","section":"Shading Mode"},"sceneLighting":true,"audioPlay":false,"sceneViewState":{"showFog":true,"showMaterialUpdate":false,"showSkybox":false,"showFlares":true,"showImageEffects":true,"showParticleSystems":true},"in2DMode":false,"pivot":{"x":0.9379758834838867,"y":1.1643595695495606,"z":0.278767466545105},"rotation":{"x":0.014676342718303204,"y":0.868829607963562,"z":0.025804249569773675,"w":-0.4942324161529541},"size":7.274612903594971,"orthographic":false}