{"cameraMode":{"drawMode":0,"name":"Shaded","section":"Shading Mode"},"sceneLighting":false,"audioPlay":false,"sceneViewState":{"showFog":true,"showMaterialUpdate":false,"showSkybox":false,"showFlares":true,"showImageEffects":true,"showParticleSystems":true},"in2DMode":false,"pivot":{"x":-1.0955345630645753,"y":-0.1151871532201767,"z":-0.3155342936515808},"rotation":{"x":-0.046296585351228717,"y":0.9441181421279907,"z":-0.2892693877220154,"w":-0.15110088884830476},"size":0.4441719949245453,"orthographic":false}